	/*background: rgba(107,117,255,1);
	background: -moz-linear-gradient(45deg, rgba(107,117,255,1) 0%, rgba(107,117,255,1) 0%, rgba(89,183,255,1) 100%);
	background: -webkit-gradient(left bottom, right top, color-stop(0%, rgba(107,117,255,1)), color-stop(0%, rgba(107,117,255,1)), color-stop(100%, rgba(89,183,255,1)));
	background: -webkit-linear-gradient(45deg, rgba(107,117,255,1) 0%, rgba(107,117,255,1) 0%, rgba(89,183,255,1) 100%);
	background: -o-linear-gradient(45deg, rgba(107,117,255,1) 0%, rgba(107,117,255,1) 0%, rgba(89,183,255,1) 100%);
	background: -ms-linear-gradient(45deg, rgba(107,117,255,1) 0%, rgba(107,117,255,1) 0%, rgba(89,183,255,1) 100%);
	background: linear-gradient(45deg, rgba(107,117,255,1) 0%, rgba(107,117,255,1) 0%, rgba(89,183,255,1) 100%);
	filter: progid:DXImageTransform.Microsoft.gradient( startColorstr='#6b75ff', endColorstr='#59b7ff', GradientType=1 );*/
+




          <br />.<br />.<br />.<br />
          <span style={{ fontFamily: "Girassol", fontSize: "27px" }}>Developer Contact Details:</span>
          <br />.<br />.<br />.<br /><span style={{ fontFamily: "Girassol", fontSize: "35px" }}>Shyam Sunder</span>
          <p>Email:<br /><a href="mailto:syamsunderthambabathula@gmail.com">Click Here to Send an Email</a></p>







neelashm_raghubinayam@srmuniv.edu.in
arnav_singh@srmuniv.edu.in
soumya_celina@srmuniv.edu.in
harsh_tapase@srmuniv.edu.in
yash_tarwe@srmuniv.edu.in
shounak_sen@srmuniv.edu.in
akshat_sinha@srmuniv.edu.in
reva_dashottar@srmuniv.edu.in
kartikey_saxena@srmuniv.edu.in
abhisikta_pal@srmuniv.edu.in
gagan_m@srmuniv.edu.in
dhananjay_vashisth@srmuniv.edu.in
raj_khatri@srmuniv.edu.in
jadvani_nisarg@srmuniv.edu.in
yishtavi_gedipudi@srmuniv.edu.in
Hrushi_amitbhai@srmuniv.edu.in
esha_dutta@srmuniv.edu.in
atul_chaurasia@srmuniv.edu.in
amardeepsingh_rs@srmuniv.edu.in
abhijit_bengani@srmuniv.edu.in
sonal_kumari@srmuniv.edu.in
janaswamy_samyukta@srmuniv.edu.in
kumar_satyagya@srmuniv.edu.in
anubhav_mahajan@srmuniv.edu.in
ritik_sharma@srmuniv.edu.in
saidurgavarshini_an@srmuniv.edu.in
bhuvan_raghuraman@srmuniv.edu.in
sagnick_majumdar@srmuniv.edu.in
dara_akhil@srmuniv.edu.in
mayank_manojagrawal@srmuniv.edu.in
anand_joshi@srmuniv.edu.in
abhishektiwari_phool@srmuniv.edu.in
kumar_aayush@srmuniv.edu.in
shivank_yadav@srmuniv.edu.in
jasleen_kaur@srmuniv.edu.in
nandurigiri_venkat@srmuniv.edu.in
ashishmishra_su@srmuniv.edu.in
akurati_varun@srmuniv.edu.in
harshgupta_sk@srmuniv.edu.in
vanshita_shah@srmuniv.edu.in
yashwant_narayan@srmuniv.edu.in
vrishank_vivek@srmuniv.edu.in
malvika_thakur@srmuniv.edu.in
manishkumar_su@srmuniv.edu.in
sreya_goswami@srmuniv.edu.in
harshavardhini_s@srmuniv.edu.in
amarchand_g@srmuniv.edu.in
garvit_jhawar@srmuniv.edu.in
rourhankumar_choudhary@srmuniv.edu.in
tanya_singh@srmuniv.edu.in
shweta_sudeshwar@srmuniv.edu.in
biraj_ghosh@srmuniv.edu.in
epsisri_potluri@srmuniv.edu.in
parag_khandelwal@srmuniv.edu.in
rashmi_gupta@srmuniv.edu.in
tarun_bhutani@srmuniv.edu.in
rahul_kumar@srmuniv.edu.in
rishika_sharma@srmuniv.edu.in
debanjana_chakraborty@srmuniv.edu.in
atishay_jain@srmuniv.edu.in
satyam_kapoor@srmuniv.edu.in
yashverma_pv@srmuniv.edu.in
vivek_mittal@srmuniv.edu.in
arul_saxena@srmuniv.edu.in
deepak_vinodsharma@srmuniv.edu.in
arpita_mallick@srmuniv.edu.in
rohit_sanyal@srmuniv.edu.in
kethan_pabbi@srmuniv.edu.in
harsh_tejwani@srmuniv.edu.in
harshraj_singh@srmuniv.edu.in
avaneesh_kumar@srmuniv.edu.in
saral_purohit@srmuniv.edu.in
adityasingh_de@srmuniv.edu.in
ramadugu_akhil@srmuniv.edu.in
adarsh_raj@srmuniv.edu.in
saksham_bhandari@srmuniv.edu.in
meghna_sharma@srmuniv.edu.in
damandeep_singh@srmuniv.edu.in
sonakshi_karanwal@srmuniv.edu.in
anuragsingh_ajay@srmuniv.edu.in
gaurav_prasad@srmuniv.edu.in
siddharth_chhabra@srmuniv.edu.in
siva_vignesh@srmuniv.edu.in
sishir_mehta@srmuniv.edu.in
nimisha_mathew@srmuniv.edu.in
varun_saxena@srmuniv.edu.in
anushka_giri@srmuniv.edu.in
shubhanshu_singh@srmuniv.edu.in
ishan_parveenjain@srmuniv.edu.in
venkata_pavan@srmuniv.edu.in
jasprit_kaur@srmuniv.edu.in
kalluraya_raghav@srmuniv.edu.in
rajarshi_chatterjee@srmuniv.edu.in
sanskriti_shivhare@srmuniv.edu.in
mahanthi_satyaprakash@srmuniv.edu.in
rubal_sharma@srmuniv.edu.in
chaitanya_bhargava@srmuniv.edu.in
rohithsurya_mk@srmuniv.edu.in
dipender_singh@srmuniv.edu.in
kaveri_c@srmuniv.edu.in
blessin_george@srmuniv.edu.in
radhika_saxena@srmuniv.edu.in
amitkumar_sh@srmuniv.edu.in
shavak_kamlesh@srmuniv.edu.in
naveen_chaurasia@srmuniv.edu.in
akshaykumar_ne@srmuniv.edu.in
yeluguri_yashwanthreddy@srmuniv.edu.in
adarsh_sudhir@srmuniv.edu.in
girish_pandey@srmuniv.edu.in
soumya_sinha@srmuniv.edu.in
kriti_pk@srmuniv.edu.in
amrita_nair@srmuniv.edu.in
amitkumar_pr@srmuniv.edu.in
saddat_sajad@srmuniv.edu.in
aachman_sharma@srmuniv.edu.in
gvivek_reddy@srmuniv.edu.in
saksham_somani@srmuniv.edu.in
akhil_srinivas@srmuniv.edu.in
pravesh_parakh@srmuniv.edu.in
siddharthrai_su@srmuniv.edu.in
ayush_soni@srmuniv.edu.in
naman_agrawal@srmuniv.edu.in
sanya_tandon@srmuniv.edu.in
tushar_srivastava@srmuniv.edu.in
akshat_ramanathan@srmuniv.edu.in
souptik_saha@srmuniv.edu.in
arya_sekhar@srmuniv.edu.in
yashyadav_at@srmuniv.edu.in
anup_balasaheb@srmuniv.edu.in
shwetha_shankar@srmuniv.edu.in
chimalakonda_anirudh@srmuniv.edu.in
aditya_ak@srmuniv.edu.in
aditya_kartikeyan@srmuniv.edu.in
susmita_goswami@srmuniv.edu.in
ayushsingh_anand@srmuniv.edu.in
hem_singh@srmuniv.edu.in
mehaa_kanakarajan@srmuniv.edu.in
mohammadumar_m@srmuniv.edu.in
ankur_singh@srmuniv.edu.in
vikas_mani@srmuniv.edu.in
kunal_balasubramanian@srmuniv.edu.in
devanshsrivastava_santhosh@srmuniv.edu.in
divye_jain@srmuniv.edu.in
surbhi_sethi@srmuniv.edu.in
vajravel_manigandan@srmuniv.edu.in
stuti_arora@srmuniv.edu.in
prajwal_sunil@srmuniv.edu.in
raghav_suriyashekar@srmuniv.edu.in
ram_ananth@srmuniv.edu.in
vaibhav_kakkar@srmuniv.edu.in
mohammad_farhan@srmuniv.edu.in
purvik_vipulkumar@srmuniv.edu.in
patel_rootul@srmuniv.edu.in
hritik_sunil@srmuniv.edu.in
shreyash_maini@srmuniv.edu.in
gautham_rameshbabu@srmuniv.edu.in
devraj_shukla@srmuniv.edu.in
samarth_jain@srmuniv.edu.in
himanshu_giri@srmuniv.edu.in
prakhar_abhaysrivastava@srmuniv.edu.in
satyajeet_majumdar@srmuniv.edu.in
kirankumar_v@srmuniv.edu.in
ousnik_polley@srmuniv.edu.in
aquif_baig@srmuniv.edu.in
parag_agrawal@srmuniv.edu.in
kartik_hemant@srmuniv.edu.in
anush_bhatia@srmuniv.edu.in
tavish_gupta@srmuniv.edu.in
harkarandeep_singh@srmuniv.edu.in
priyanshu_srivastava@srmuniv.edu.in
madhav_kabra@srmuniv.edu.in
sruthi_v@srmuniv.edu.in
sidhesh_prakash@srmuniv.edu.in
sparsh_dubey@srmuniv.edu.in
battu_kiranmai@srmuniv.edu.in
abhinav_vk@srmuniv.edu.in
kondapalli_sri@srmuniv.edu.in
saumya_pandey@srmuniv.edu.in
ankita_s@srmuniv.edu.in
rahulsingh_ravichandran@srmuniv.edu.in
akanksha_sonkar@srmuniv.edu.in
anandkumar_sh@srmuniv.edu.in
swastik_rai@srmuniv.edu.in
sakshat_rajiv@srmuniv.edu.in
soumya_singh@srmuniv.edu.in
akshaan_khanna@srmuniv.edu.in
yashovardhan_malhotra@srmuniv.edu.in
ataj_pramod@srmuniv.edu.in
soumyadeep_bhattacharya@srmuniv.edu.in
anandkumarsoni_a@srmuniv.edu.in
amanpandey_p@srmuniv.edu.in
neha_singh@srmuniv.edu.in
piyush_agrawal@srmuniv.edu.in
amit_yadav@srmuniv.edu.in
huma_naaz@srmuniv.edu.in
palem_vishnu@srmuniv.edu.in
jigar_narendrashan@srmuniv.edu.in
hrishikesh_jain@srmuniv.edu.in
siddharth_goyal@srmuniv.edu.in
diksha_bubna@srmuniv.edu.in
emi_priscillal@srmuniv.edu.in
akash_ghosal@srmuniv.edu.in
rahul_badriprasad@srmuniv.edu.in
hritwick_singh@srmuniv.edu.in
gursheesh_singh@srmuniv.edu.in
vivekyadav_ramesh@srmuniv.edu.in
movva_nitin@srmuniv.edu.in
sushant_singh@srmuniv.edu.in
nihal_rai@srmuniv.edu.in
shashankshekhar_lt@srmuniv.edu.in
annapureddy_venkata@srmuniv.edu.in
akshay_pk@srmuniv.edu.in
aman_bokdia@srmuniv.edu.in
ankitkumar_rakesh@srmuniv.edu.in
dhruvil_jiteshbhai@srmuniv.edu.in
adib_zuber@srmuniv.edu.in
arijit_nayak@srmuniv.edu.in
abhishekramesh_s@srmuniv.edu.in
aishvary_khandelwal@srmuniv.edu.in
devendra_prakashsingh@srmuniv.edu.in
akanksha_guha@srmuniv.edu.in
badal_patel@srmuniv.edu.in
ishdeep_singh@srmuniv.edu.in
priyanshu_pandey@srmuniv.edu.in
poojitha_cnair@srmuniv.edu.in
rajasingh_sh@srmuniv.edu.in
bhavika_motwani@srmuniv.edu.in
jerin_gige@srmuniv.edu.in
seethal_sasikumar@srmuniv.edu.in
subham_rathore@srmuniv.edu.in
vedika_pachisia@srmuniv.edu.in
isha_kaushik@srmuniv.edu.in
nanda_kishore@srmuniv.edu.in
abhijeet_kumar@srmuniv.edu.in
barnali_paul@srmuniv.edu.in
mahendrakhushi_jain@srmuniv.edu.in
shikhar_saini@srmuniv.edu.in
purushotham_ramesh@srmuniv.edu.in
aditi_anupam@srmuniv.edu.in
chaman_aggarwal@srmuniv.edu.in
palem_sahana@srmuniv.edu.in
ankur_yaduvanshi@srmuniv.edu.in
kartikey_raut@srmuniv.edu.in
sarath_chandraballa@srmuniv.edu.in
siddhant_ibmishra@srmuniv.edu.in
pulibandla_srikanth@srmuniv.edu.in
jatin_arora@srmuniv.edu.in
adityavikram_sethia@srmuniv.edu.in
mehvish_zunaib@srmuniv.edu.in
shubham_jaiswal@srmuniv.edu.in
subhasmita_sahu@srmuniv.edu.in
anmol_sinha@srmuniv.edu.in
priyal_raizada@srmuniv.edu.in
husein_murtaza@srmuniv.edu.in
prashant_singhchauhan@srmuniv.edu.in
shivendrarai_surya@srmuniv.edu.in
jenendar_bishnoi17@srmuniv.edu.in
chirag_yadav@srmuniv.edu.in
harsh_maan@srmuniv.edu.in
manu_shrivastava@srmuniv.edu.in
adithnarasimhan_k@srmuniv.edu.in
sai_nithin@srmuniv.edu.in
kheerthana_r@srmuniv.edu.in
aakarsh_singh@srmuniv.edu.in
anguluri_aravind@srmuniv.edu.in
pranjal_mahajan@srmuniv.edu.in
vegi_jeevana@srmuniv.edu.in
soumali_pal@srmuniv.edu.in
shiv_noliyan@srmuniv.edu.in
ayoun_ghosh@srmuniv.edu.in
aditya_chakraborty@srmuniv.edu.in
gautham_vijayaraj@srmuniv.edu.in
siddhesh_vani@srmuniv.edu.in
vanshika_jalan@srmuniv.edu.in
shwetanshu_raj@srmuniv.edu.in
kothuri_seshideep@srmuniv.edu.in
saurabhsingh_ravi@srmuniv.edu.in
bandarupallisai_ram@srmuniv.edu.in
kudumulateja_sai@srmuniv.edu.in
abhishek_akshay@srmuniv.edu.in
rahul_pawar@srmuniv.edu.in
shreyas_parakh@srmuniv.edu.in
bhavya_chhabra@srmuniv.edu.in
shwetank_singh@srmuniv.edu.in
narendramani_tripathi@srmuniv.edu.in
rajdeep_mangrola@srmuniv.edu.in
umme_kulsoom@srmuniv.edu.in
virendra_singh@srmuniv.edu.in
ananya_p@srmuniv.edu.in
vivek_gaurav@srmuniv.edu.in
satakshi_garg@srmuniv.edu.in
atishayjain_ja@srmuniv.edu.in
subhasis_mutsuddi@srmuniv.edu.in
rishi_hazra@srmuniv.edu.in
vibhor_shah@srmuniv.edu.in
shubham_lakhotia@srmuniv.edu.in
ananya_a@srmuniv.edu.in
devanshi_srivastava@srmuniv.edu.in
aarushi_saraswat@srmuniv.edu.in
amit_vikram@srmuniv.edu.in
anirudh_biju@srmuniv.edu.in
kalidindi_tejavarma@srmuniv.edu.in
sonalirao_s@srmuniv.edu.in
kalyani_sampath@srmuniv.edu.in
gokkul_mohan@srmuniv.edu.in
siddthanth_chopra@srmuniv.edu.in
kaustubh_kishor@srmuniv.edu.in
vibhor_tyagi@srmuniv.edu.in
ayushgupta_kishore@srmuniv.edu.in
anubhav_sahu@srmuniv.edu.in
antony_ajay@srmuniv.edu.in
kasipuram_akshith@srmuniv.edu.in
gadhiya_j@srmuniv.edu.in
yash_bhatia@srmuniv.edu.in
shweta_upadhyaya@srmuniv.edu.in
dhriti_aggarwal@srmuniv.edu.in
vishnu_ravi@srmuniv.edu.in
saurabhagrawal_arjun@srmuniv.edu.in
adityaranjan_ra@srmuniv.edu.in
gopika_venugopal@srmuniv.edu.in
narayan_babu@srmuniv.edu.in
jenish_mahesh@srmuniv.edu.in
vishesh_sudhirgupta@srmuniv.edu.in
sriram_kg@srmuniv.edu.in
devansh_patel@srmuniv.edu.in
siddharth_grover@srmuniv.edu.in
gokul_swaminathan@srmuniv.edu.in
surbhi_hooda@srmuniv.edu.in
chirra_nikhil@srmuniv.edu.in
mohd_sahil@srmuniv.edu.in
nallaparajusruti_sa@srmuniv.edu.in
kislay_kishore@srmuniv.edu.in
chinmayee_baral@srmuniv.edu.in
pratyush_sureka@srmuniv.edu.in
archit_sharma@srmuniv.edu.in
prashant_verma@srmuniv.edu.in
aniketbandopadhyay_somnath@srmuniv.edu.in
damman_narinder@srmuniv.edu.in
gunjan_verma@srmuniv.edu.in
rittesh_p.v@srmuniv.edu.in
prashu_mehto@srmuniv.edu.in
kapeesh_kaul@srmuniv.edu.in
anurag_das@srmuniv.edu.in
pravar_kulbhushan@srmuniv.edu.in
navien_krisna@srmuniv.edu.in
adarsh_soni@srmuniv.edu.in
dheeraj_dinesh@srmuniv.edu.in
aryan_khare@srmuniv.edu.in
dipin_ahuja@srmuniv.edu.in
nirbhay_singh@srmuniv.edu.in
adesh_agarwal@srmuniv.edu.in
shubham_prashant@srmuniv.edu.in
siddharthgupta_manoj@srmuniv.edu.in
yash_gogoriya@srmuniv.edu.in
hailey_darpan@srmuniv.edu.in
harsh_gupta@srmuniv.edu.in
prajwal_rastogi@srmuniv.edu.in
kanishk_thakur@srmuniv.edu.in
aastha_aastha@srmuniv.edu.in
avirup_chattaraj@srmuniv.edu.in
navin_raj@srmuniv.edu.in
dumpala_nikhil@srmuniv.edu.in
ansh_laroia@srmuniv.edu.in
aabya_singh@srmuniv.edu.in
anish_thakur@srmuniv.edu.in
riyazahmed_m@srmuniv.edu.in
sumitava_nandi@srmuniv.edu.in
meet_mineshbhai@srmuniv.edu.in
patel_jaydeep@srmuniv.edu.in
maitri_jain@srmuniv.edu.in
sai_yashwanth@srmuniv.edu.in
vibham_krishan@srmuniv.edu.in
adityaagarwal_go@srmuniv.edu.in
rishabh_verma@srmuniv.edu.in
ashutosh_prasad@srmuniv.edu.in
kukkala_sasi@srmuniv.edu.in
kambham_suhas@srmuniv.edu.in
rishav_kejriwal@srmuniv.edu.in
sonish_biswal@srmuniv.edu.in
saswath_ullattil@srmuniv.edu.in
joydeep_banerjee@srmuniv.edu.in
pammi_abhishikth@srmuniv.edu.in
mohd_aman@srmuniv.edu.in
gandhi_akshit@srmuniv.edu.in
soumil_sarkar@srmuniv.edu.in
satwik_subhashish@srmuniv.edu.in
apoorvgupta_aravind@srmuniv.edu.in
aradhya_dhruv@srmuniv.edu.in
abhinav_dwarkani@srmuniv.edu.in
muskan_jain@srmuniv.edu.in
vedant_arvind@srmuniv.edu.in
prashant_pr@srmuniv.edu.in
devesh_pareek@srmuniv.edu.in
sahiti_nallamolu@srmuniv.edu.in
utkarsh_utkarsh@srmuniv.edu.in
vemula_vijaykumar@srmuniv.edu.in
simran_arora@srmuniv.edu.in
suman_sagar@srmuniv.edu.in
mohitagarwal_rajesh@srmuniv.edu.in
srivatsan_si@srmuniv.edu.in
richika_singh@srmuniv.edu.in
shreya_sarkar@srmuniv.edu.in
ojas_tripathi@srmuniv.edu.in
mehvish_meraj@srmuniv.edu.in
suvan_sadashiv@srmuniv.edu.in
ayushman_gupta@srmuniv.edu.in
riteshanand_ram@srmuniv.edu.in
telaganeedi_venkata@srmuniv.edu.in
guneet_mummaneni@srmuniv.edu.in
aman_sahu@srmuniv.edu.in
boivabi_bordoloi@srmuniv.edu.in
sagarika_das@srmuniv.edu.in
goluguri_muni@srmuniv.edu.in
rishma_mitra@srmuniv.edu.in
hira_sohail@srmuniv.edu.in
prateek_taneja@srmuniv.edu.in
maabul_quddus@srmuniv.edu.in
preethi_muruganandam@srmuniv.edu.in
mayur_prajapati@srmuniv.edu.in
bhupendra_devagan@srmuniv.edu.in
shubham_saurav@srmuniv.edu.in
rahil_bhowal@srmuniv.edu.in
anoushka_bhattacharyya@srmuniv.edu.in
anand_gupta@srmuniv.edu.in
varunkumar_pawan@srmuniv.edu.in
prashant_poonia@srmuniv.edu.in
shreyansh_jain@srmuniv.edu.in
abhigya_abhiraj@srmuniv.edu.in
vaibhavi_verma@srmuniv.edu.in
eashanidas_m@srmuniv.edu.in
rahul_tejawat@srmuniv.edu.in
anupam_jose@srmuniv.edu.in
anubha_gupta@srmuniv.edu.in
vignesh_muralidharan@srmuniv.edu.in
vanshika_bansal@srmuniv.edu.in
ashish_mechoo@srmuniv.edu.in
veena_gautam@srmuniv.edu.in
achintya_joy@srmuniv.edu.in
dhruvil_rameshbhai@srmuniv.edu.in
mohak_singh@srmuniv.edu.in
nikhilkhandelwal_ram@srmuniv.edu.in
ishita_atul@srmuniv.edu.in
adityakumar_lo@srmuniv.edu.in
vikaskumar_jaivir@srmuniv.edu.in
lakshay_srivastava@srmuniv.edu.in
priya_sridhar@srmuniv.edu.in
sparsh_marwah@srmuniv.edu.in
mridul_aggarwal@srmuniv.edu.in
vineesha_laxman@srmuniv.edu.in
ishita_rastogi@srmuniv.edu.in
thummeti_yeswanth@srmuniv.edu.in
apurvajaiswal_s@srmuniv.edu.in
jaswanth_r@srmuniv.edu.in
venkata_lakshminadha@srmuniv.edu.in
nainika_choudhary@srmuniv.edu.in
jangala_l@srmuniv.edu.in
varun_tandon@srmuniv.edu.in
saurabh_joseph@srmuniv.edu.in
saiganesh_venkataraman@srmuniv.edu.in
tarun_dhamor@srmuniv.edu.in
kumar_rupam@srmuniv.edu.in
harshwardhan_vaibhav@srmuniv.edu.in
soumojit_dalui@srmuniv.edu.in
wayne_karl@srmuniv.edu.in
sarthak_maheshwari@srmuniv.edu.in
harshverma_jai@srmuniv.edu.in
sweta_sarat@srmuniv.edu.in
abhinandan_singh@srmuniv.edu.in
pranav_verma@srmuniv.edu.in
devarshi_kothari@srmuniv.edu.in
abhinabo_ghosh@srmuniv.edu.in
shantnu_agarwal@srmuniv.edu.in
mudit_bhadada@srmuniv.edu.in
ronak_subhash@srmuniv.edu.in
vaibhav_sri@srmuniv.edu.in
sreeraj_r@srmuniv.edu.in
jash_hetal@srmuniv.edu.in
shubham_satishpandey@srmuniv.edu.in
ashish_mark@srmuniv.edu.in
nikhil_chintha@srmuniv.edu.in
avinash_verma@srmuniv.edu.in
aman_gautam@srmuniv.edu.in
animesh_anand@srmuniv.edu.in
trishali_banerjee@srmuniv.edu.in
ashwin_srivastava@srmuniv.edu.in
utkarsh_aggarwal@srmuniv.edu.in
aryan_mukesh@srmuniv.edu.in
apporv_anand@srmuniv.edu.in
shailaja_d@srmuniv.edu.in
tarun_taparia@srmuniv.edu.in